{"keyset":{"lweSecretKeys":[{"id":0,"params":{"lweDimension":2048,"integerPrecision":64,"keyType":"binary"}},{"id":1,"params":{"lweDimension":771,"integerPrecision":64,"keyType":"binary"}},{"id":2,"params":{"lweDimension":1536,"integerPrecision":64,"keyType":"binary"}},{"id":3,"params":{"lweDimension":718,"integerPrecision":64,"keyType":"binary"}}],"lweBootstrapKeys":[{"id":0,"inputId":1,"outputId":0,"params":{"levelCount":1,"baseLog":23,"glweDimension":2,"polynomialSize":1024,"variance":8.4422531129329586e-31,"integerPrecision":64,"modulus":{"modulus":{"native":{}}},"keyType":"binary","inputLweDimension":771},"compression":"seed"},{"id":1,"inputId":3,"outputId":2,"params":{"levelCount":1,"baseLog":18,"glweDimension":3,"polynomialSize":512,"variance":7.0406309659297542e-23,"integerPrecision":64,"modulus":{"modulus":{"native":{}}},"keyType":"binary","inputLweDimension":718},"compression":"seed"}],"lweKeyswitchKeys":[{"id":0,"inputId":0,"outputId":1,"params":{"levelCount":3,"baseLog":4,"variance":4.8186834012187826e-11,"integerPrecision":64,"modulus":{"modulus":{"native":{}}},"keyType":"binary","inputLweDimension":2048,"outputLweDimension":771},"compression":"seed"},{"id":1,"inputId":0,"outputId":3,"params":{"levelCount":3,"baseLog":4,"variance":3.1834022477404805e-10,"integerPrecision":64,"modulus":{"modulus":{"native":{}}},"keyType":"binary","inputLweDimension":2048,"outputLweDimension":718},"compression":"seed"}],"packingKeyswitchKeys":[]},"circuits":[{"inputs":[{"rawInfo":{"shape":{"dimensions":[1,768,3]},"integerPrecision":64,"isSigned":false},"typeInfo":{"lweCiphertext":{"abstractShape":{"dimensions":[1,768]},"concreteShape":{"dimensions":[1,768,3]},"integerPrecision":64,"encryption":{"keyId":0,"variance":8.4422531129329586e-31,"lweDimension":2048,"modulus":{"modulus":{"native":{}}}},"compression":"seed","encoding":{"integer":{"width":3,"isSigned":false,"mode":{"native":{}}}}}}}],"outputs":[{"rawInfo":{"shape":{"dimensions":[1,3,10,1537]},"integerPrecision":64,"isSigned":false},"typeInfo":{"lweCiphertext":{"abstractShape":{"dimensions":[1,3,10]},"concreteShape":{"dimensions":[1,3,10,1537]},"integerPrecision":64,"encryption":{"keyId":2,"variance":7.0406309659297542e-23,"lweDimension":1536,"modulus":{"modulus":{"native":{}}}},"compression":"none","encoding":{"integer":{"width":3,"isSigned":true,"mode":{"native":{}}}}}}}],"name":"_lambda__proxy"}]}